coefs,word
-5.6346259893945865,access
-5.6730958460096845,access microcenter
-5.747076696515274,access microcenter location
-5.652343750502983,amp
-5.7362318691701155,amp x200b
-5.741839138198517,appreciated
-6.59251150546959,atx
-5.687401039700114,away
-5.760306023737133,away line
-5.763018882438678,away line cpu
-5.765000467062232,brands
-5.768132026670033,brands models
-5.769994982396211,brands models appreciated
-4.783322920817188,budget
-5.761320312896731,budget need
-5.766506292546621,budget need included
-5.755886629508065,budget rebates
-5.756028723981407,budget rebates shipping
-5.767487710693115,budget tower
-5.771898282244358,budget tower os
-5.109487601515683,build
-5.763208883023664,build ex
-5.763160598260387,build ex ssd
-5.76520327365776,build receive
-5.765213701225988,build receive date
-5.70945488510446,building
-5.754780438943678,building buying
-5.755948529240439,building buying pc
-5.692335060422739,buy
-5.7094464981982975,buying
-5.7534518887981,buying pc
-5.764966835719416,buying pc note
-5.506552242592383,case
-5.756446099592627,case preferences
-5.763371751552118,case preferences size
-5.70340350927623,color
-5.751860051603918,color theme
-5.763142187851652,color theme preference
-5.741515965692485,colors
-5.764740174838366,colors window
-5.764928889659686,colors window led
-6.308905681909105,com
-6.690204357099681,com product
-5.704407977446183,components
-5.665323543106059,copy
-5.694825068566616,copy windows
-5.757907900330271,copy windows included
-5.760764234854487,country
-5.7574843818277195,country state
-5.757906179369561,country state province
-5.660655341326599,cpu
-5.729544909929826,cpu gpu
-5.753237139657354,cuda
-5.759808362456214,cuda opencl
-5.762098226044509,cuda opencl support
-5.749642233095228,date
-5.765398043518216,date want
-5.767278358945728,date want buy
-5.6999849870174435,doing
-5.756406467430185,doing pc
-5.7606409382169135,doing pc specific
-5.887712181340763,don
-5.757150303431495,ex
-5.763106559180905,ex ssd
-5.763379413259061,ex ssd large
-5.745781607867907,exactly
-5.755416442156261,exactly need
-5.756219103006198,exactly need included
-5.749337168113862,features
-5.760619016175138,features items
-5.761111868125555,features items want
-5.297129629561692,games
-5.759061574380545,games programs
-5.761284291934274,games programs using
-5.858586117382543,gaming
-6.584940153790089,gb
-5.667731392248455,gpu
-3.6635571538415608,gt
-5.79135776048239,gt plan
-5.244051160597291,gt specific
-6.28587528418313,https
-6.533316257650728,https pcpartpicker
-6.533316257650728,https pcpartpicker com
-5.735503050719391,include
-5.76048631054979,include specific
-5.760626579872927,include specific games
-4.824211341230932,included
-5.188691640198389,included budget
-5.7638133464521815,included budget need
-5.769224371793457,included budget tower
-5.766389967047799,included preference
-5.735282217062824,including
-5.763048688952577,including monitor
-5.766095597942175,including monitor keyboard
-5.697604464653076,interested
-5.741488382342496,interested overclocking
-5.761211164254994,interested overclocking right
-5.753504037633704,items
-5.7610042824685515,items want
-5.761111868125555,items want need
-5.743380364342737,itx
-5.76234045738377,itx microatx
-5.763305510207403,itx microatx mid
-5.93521354660565,just
-4.974705592536374,keyboard
-5.1080069970835025,keyboard mouse
-5.765628896751492,keyboard mouse parts
-5.698563383687788,large
-5.734211018943935,large storage
-5.763106559180905,large storage raid
-5.674201918810644,led
-5.71439211614836,led lighting
-5.763049405319168,led lighting particular
-5.673910782330661,lighting
-5.763049405319168,lighting particular
-5.764598987706835,lighting particular color
-5.121583136266061,like
-5.763288099228677,like itx
-5.763389288048877,like itx microatx
-5.645978236292996,line
-5.758944978041487,line cpu
-5.761660759876835,line cpu gpu
-6.184841095729359,list
-5.733672229785752,location
-5.717596358145861,maximum
-5.735831461365873,maximum budget
-5.75615358050289,maximum budget rebates
-5.728240232157402,means
-5.76520327365776,means build
-5.765154869403572,means build receive
-5.751424496020908,microatx
-5.763129071104135,microatx mid
-5.763129071104135,microatx mid tower
-5.50468403107346,microcenter
-5.740079042879961,microcenter location
-5.659050317983947,mid
-5.686698032335181,mid tower
-5.757307063842171,mid tower tower
-5.762777469728816,models
-5.769995963923386,models appreciated
-4.9655236064816695,monitor
-5.169853385560744,monitor keyboard
-5.183550808073592,monitor keyboard mouse
-6.550698023608791,motherboard
-4.965238780912007,mouse
-5.7650796418984145,mouse parts
-5.767457982286149,mouse parts reusing
-4.467902866780287,need
-5.757366389540259,need build
-5.763159218289495,need build ex
-5.714585520359343,need copy
-5.724673229866769,need copy windows
-5.197878754104832,need included
-5.750623596676746,need included budget
-5.767118142399346,need included preference
-5.7641650973273215,note
-5.765325182236462,note week
-5.765325182236462,note week today
-5.758493570400748,opencl
-5.761612501363988,opencl support
-5.588715824976645,os
-5.732036287882658,os monitor
-5.752798028397736,os monitor keyboard
-5.122483394123841,overclocking
-5.758256698663369,overclocking right
-5.758949790332324,overclocking right away
-5.7622565965541295,overclocking yes
-5.7622565965541295,overclocking yes interested
-5.743393205519552,particular
-5.76283342941514,particular color
-5.763349846901075,particular color theme
-4.801472626911656,parts
-5.75974030332781,parts access
-5.760883499101788,parts access microcenter
-5.766989911626902,parts including
-5.767295451762826,parts including monitor
-5.76489454751789,parts reusing
-5.769004610508001,parts reusing brands
-5.057223904363294,pc
-5.764847620017012,pc note
-5.765325182236462,pc note week
-5.760054146152507,pc specific
-5.760572705251098,pc specific possible
-6.346147506459416,pcpartpicker
-6.419023239329955,pcpartpicker com
-6.698500314589168,pcpartpicker com product
-5.654613859379352,plan
-5.748353186743096,plan building
-5.755779705031083,plan building buying
-5.5268644059339715,possible
-5.759427747295604,possible include
-5.76048631054979,possible include specific
-5.153616911746084,preference
-5.7640874960084805,preference components
-5.726426804201363,preferences
-5.762974564439319,preferences size
-5.763371751552118,preferences size like
-6.647792290589174,product
-5.7066222086064995,programs
-5.759863509410142,programs using
-5.756611732536723,province
-5.757850267690686,province purchasing
-5.757906627377696,province purchasing parts
-5.740084862544189,purchasing
-5.755327326856292,purchasing parts
-5.759933697391236,purchasing parts access
-5.75403058827074,raid
-5.760821295646438,raid setup
-5.762518395681849,raid setup cuda
-5.782212994626082,rebates
-5.7544620606070875,rebates shipping
-5.755902886887131,rebates shipping taxes
-5.764786724729049,receive
-5.765213701225988,receive date
-5.765690224394373,receive date want
-5.121623159828892,reusing
-5.769004610508001,reusing brands
-5.769095314734467,reusing brands models
-5.729162782025145,reusing parts
-5.767295451762826,reusing parts including
-5.687087997981187,right
-5.728102698161748,right away
-5.760306023737133,right away line
-5.733471963695736,setup
-5.762518395681849,setup cuda
-5.762602561722409,setup cuda opencl
-5.767198957111874,shipping
-5.781160252824878,shipping taxes
-5.709260539067785,size
-5.7611179919958495,size like
-5.763280383804129,size like itx
-4.582986602568245,specific
-5.757915172543769,specific case
-5.759610208195791,specific case preferences
-5.7548859994599235,specific features
-5.760757003663625,specific features items
-5.757279565476802,specific games
-5.760963525607935,specific games programs
-5.76011308561182,specific possible
-5.760419212782852,specific possible include
-5.430438414355386,ssd
-5.756260961362402,ssd large
-5.758742957106866,ssd large storage
-5.768518011552351,state
-5.757800591224501,state province
-5.757906179369561,state province purchasing
-5.595904538713271,storage
-5.762945163773161,storage raid
-5.763106559180905,storage raid setup
-5.760374405044589,styles
-5.764412383740701,styles colors
-5.765030329316063,styles colors window
-5.7423163386412845,support
-5.771492933275841,taxes
-5.720103440195361,theme
-5.7611835821396715,theme preference
-5.764394407000303,theme preference components
-5.757645400478999,today
-5.7652482912457685,today means
-5.7652482912457685,today means build
-4.693896988917497,tower
-5.676151370215199,tower os
-5.739849710437874,tower os monitor
-5.762871182639708,tower styles
-5.764760470266182,tower styles colors
-5.755600963058769,tower tower
-5.763248931369456,tower tower styles
-5.562530549339172,using
-5.0677022724397585,want
-5.763837650044061,want buy
-5.760469214304334,want need
-5.7609750411276766,want need build
-5.647343353212973,week
-5.763520393786355,week today
-5.765326440818689,week today means
-5.66532777361042,window
-5.750862185334926,window led
-5.755265560482443,window led lighting
-5.451509559602364,windows
-5.751788231757266,windows included
-5.759631019062758,windows included budget
-5.7362318691701155,x200b
-5.52419087457726,yes
-5.760872845762816,yes interested
-5.761636475251123,yes interested overclocking
